[
  {"model": "core.municipio", "pk": 41, "fields": {"nombre": "Huitzilan de Serdán", "estado": "Puebla"}},
  {"model": "core.municipio", "pk": 42, "fields": {"nombre": "Zongozotla", "estado": "Puebla"}},
  {"model": "core.municipio", "pk": 43, "fields": {"nombre": "San Felipe Tepatlán", "estado": "Puebla"}},
  {"model": "core.municipio", "pk": 44, "fields": {"nombre": "Cuautempan", "estado": "Puebla"}},

  {"model": "core.agricultor", "pk": 1, "fields": {"nombre": "María Isabel Báez", "telefono": "522331217967", "municipio": 41, "cultivo_principal": 16, "fecha_registro": "2026-04-25T00:00:00Z", "marca": "BAZAL"}},
  {"model": "core.agricultor", "pk": 2, "fields": {"nombre": "María Fernanda Herrera Díaz", "telefono": "522226616854", "municipio": 29, "cultivo_principal": 17, "fecha_registro": "2026-04-25T00:00:00Z", "marca": "KOPI"}},
  {"model": "core.agricultor", "pk": 3, "fields": {"nombre": "Aymeri Manzano Pérez", "telefono": "522222034416", "municipio": 42, "cultivo_principal": 16, "fecha_registro": "2026-04-25T00:00:00Z", "marca": "COZOTL"}},
  {"model": "core.agricultor", "pk": 4, "fields": {"nombre": "Israel León Sánchez", "telefono": "527641190271", "municipio": 30, "cultivo_principal": 19, "fecha_registro": "2026-04-25T00:00:00Z", "marca": "KAFIZTLE"}},
  {"model": "core.agricultor", "pk": 5, "fields": {"nombre": "Andrés Méndez Domínguez", "telefono": "522226791566", "municipio": 29, "cultivo_principal": 18, "fecha_registro": "2026-04-25T00:00:00Z", "marca": "SEMANAUAK"}},
  {"model": "core.agricultor", "pk": 6, "fields": {"nombre": "Jaqueline Vázquez Sahinos", "telefono": "522331146632", "municipio": 42, "cultivo_principal": 18, "fecha_registro": "2026-04-25T00:00:00Z", "marca": "VASA"}},
  {"model": "core.agricultor", "pk": 7, "fields": {"nombre": "Maribel Nigadera de la Sota", "telefono": "527971409728", "municipio": 43, "cultivo_principal": 16, "fecha_registro": "2026-04-25T00:00:00Z", "marca": "AMANECER SERRANO"}},
  {"model": "core.agricultor", "pk": 8, "fields": {"nombre": "Reyna Romero Martínez", "telefono": "527641032182", "municipio": 30, "cultivo_principal": 19, "fecha_registro": "2026-04-25T00:00:00Z", "marca": "NATTUCAFF"}},
  {"model": "core.agricultor", "pk": 9, "fields": {"nombre": "Iván Díaz Flores", "telefono": "522461543554", "municipio": 30, "cultivo_principal": 16, "fecha_registro": "2026-04-25T00:00:00Z", "marca": "EL CATADOR"}},
  {"model": "core.agricultor", "pk": 10, "fields": {"nombre": "Erick Isaí García Cortes", "telefono": "522331198823", "municipio": 41, "cultivo_principal": 16, "fecha_registro": "2026-04-25T00:00:00Z", "marca": "DIRECTO AL ORIGEN"}},
  {"model": "core.agricultor", "pk": 11, "fields": {"nombre": "Daniel Vázquez Cruz", "telefono": "522331099518", "municipio": 29, "cultivo_principal": 19, "fecha_registro": "2026-04-25T00:00:00Z", "marca": "CUEZALI"}},
  {"model": "core.agricultor", "pk": 12, "fields": {"nombre": "Pablo Aco González", "telefono": "522221540401", "municipio": 41, "cultivo_principal": 16, "fecha_registro": "2026-04-25T00:00:00Z", "marca": "KAFENTAH"}},
  {"model": "core.agricultor", "pk": 13, "fields": {"nombre": "Leonardo Isidro Pérez", "telefono": "527767688150", "municipio": 44, "cultivo_principal": 18, "fecha_registro": "2026-04-25T00:00:00Z", "marca": "NAYO"}},
  {"model": "core.agricultor", "pk": 14, "fields": {"nombre": "Hugo Alvarado Vázquez", "telefono": "527765932892", "municipio": 7, "cultivo_principal": 16, "fecha_registro": "2026-04-25T00:00:00Z", "marca": "MAGNO"}},
  {"model": "core.agricultor", "pk": 15, "fields": {"nombre": "Elena María Ojeda", "telefono": "527647654037", "municipio": 7, "cultivo_principal": 16, "fecha_registro": "2026-04-25T00:00:00Z", "marca": "MUKSUN"}},
  {"model": "core.agricultor", "pk": 16, "fields": {"nombre": "Daniel Velasco Mérida", "telefono": "527641032270", "municipio": 30, "cultivo_principal": 19, "fecha_registro": "2026-04-25T00:00:00Z", "marca": "DANVEL"}},
  {"model": "core.agricultor", "pk": 17, "fields": {"nombre": "Samuel López Galicia", "telefono": "524181179720", "municipio": 41, "cultivo_principal": 17, "fecha_registro": "2026-04-25T00:00:00Z", "marca": "SIERRA NUBLADA"}},
  {"model": "core.agricultor", "pk": 18, "fields": {"nombre": "Yolanda Hernández", "telefono": "527757849773", "municipio": 30, "cultivo_principal": 16, "fecha_registro": "2026-04-25T00:00:00Z", "marca": "YALI"}},
  {"model": "core.agricultor", "pk": 19, "fields": {"nombre": "Neftaly Cuapio", "telefono": "522225987430", "municipio": 29, "cultivo_principal": 16, "fecha_registro": "2026-04-25T00:00:00Z", "marca": "CASA CUAPIO"}},
  {"model": "core.agricultor", "pk": 20, "fields": {"nombre": "Óscar Matías Vázquez", "telefono": "522331096623", "municipio": 29, "cultivo_principal": 18, "fecha_registro": "2026-04-25T00:00:00Z", "marca": "CUAXCAF"}},

 {"model": "core.cosecha", "pk": 1, "fields": {"agricultor": 1, "cultivo": 16, "cantidad_kg": 200, "precio_propuesto": "55.00", "municipio": 41, "disponible": true, "fecha": "2026-04-25T00:00:00Z", "proceso": "natural"}},
{"model": "core.cosecha", "pk": 2, "fields": {"agricultor": 2, "cultivo": 17, "cantidad_kg": 150, "precio_propuesto": "48.00", "municipio": 29, "disponible": true, "fecha": "2026-04-25T00:00:00Z", "proceso": "lavado"}},
{"model": "core.cosecha", "pk": 3, "fields": {"agricultor": 3, "cultivo": 16, "cantidad_kg": 180, "precio_propuesto": "52.00", "municipio": 42, "disponible": true, "fecha": "2026-04-25T00:00:00Z", "proceso": "honey"}},
{"model": "core.cosecha", "pk": 4, "fields": {"agricultor": 4, "cultivo": 19, "cantidad_kg": 120, "precio_propuesto": "65.00", "municipio": 30, "disponible": true, "fecha": "2026-04-25T00:00:00Z", "proceso": "anerobic"}},
{"model": "core.cosecha", "pk": 5, "fields": {"agricultor": 5, "cultivo": 18, "cantidad_kg": 100, "precio_propuesto": "60.00", "municipio": 29, "disponible": true, "fecha": "2026-04-25T00:00:00Z", "proceso": "lavado"}},
{"model": "core.cosecha", "pk": 6, "fields": {"agricultor": 6, "cultivo": 18, "cantidad_kg": 90, "precio_propuesto": "58.00", "municipio": 42, "disponible": true, "fecha": "2026-04-25T00:00:00Z", "proceso": "natural"}},
{"model": "core.cosecha", "pk": 7, "fields": {"agricultor": 7, "cultivo": 16, "cantidad_kg": 80, "precio_propuesto": "72.00", "municipio": 43, "disponible": true, "fecha": "2026-04-25T00:00:00Z", "proceso": "honey"}},
{"model": "core.cosecha", "pk": 8, "fields": {"agricultor": 8, "cultivo": 19, "cantidad_kg": 110, "precio_propuesto": "63.00", "municipio": 30, "disponible": true, "fecha": "2026-04-25T00:00:00Z", "proceso": "lavado"}},
{"model": "core.cosecha", "pk": 9, "fields": {"agricultor": 9, "cultivo": 16, "cantidad_kg": 250, "precio_propuesto": "68.00", "municipio": 30, "disponible": true, "fecha": "2026-04-25T00:00:00Z", "proceso": "anerobic"}},
{"model": "core.cosecha", "pk": 10, "fields": {"agricultor": 10, "cultivo": 16, "cantidad_kg": 160, "precio_propuesto": "55.00", "municipio": 41, "disponible": true, "fecha": "2026-04-25T00:00:00Z", "proceso": "natural"}},
{"model": "core.cosecha", "pk": 11, "fields": {"agricultor": 11, "cultivo": 19, "cantidad_kg": 300, "precio_propuesto": "62.00", "municipio": 29, "disponible": true, "fecha": "2026-04-25T00:00:00Z", "proceso": "lavado"}},
{"model": "core.cosecha", "pk": 12, "fields": {"agricultor": 12, "cultivo": 16, "cantidad_kg": 140, "precio_propuesto": "57.00", "municipio": 41, "disponible": true, "fecha": "2026-04-25T00:00:00Z", "proceso": "honey"}},
{"model": "core.cosecha", "pk": 13, "fields": {"agricultor": 13, "cultivo": 18, "cantidad_kg": 200, "precio_propuesto": "61.00", "municipio": 44, "disponible": true, "fecha": "2026-04-25T00:00:00Z", "proceso": "natural"}},
{"model": "core.cosecha", "pk": 14, "fields": {"agricultor": 14, "cultivo": 16, "cantidad_kg": 180, "precio_propuesto": "58.00", "municipio": 7, "disponible": true, "fecha": "2026-04-25T00:00:00Z", "proceso": "lavado"}},
{"model": "core.cosecha", "pk": 15, "fields": {"agricultor": 15, "cultivo": 16, "cantidad_kg": 220, "precio_propuesto": "70.00", "municipio": 7, "disponible": true, "fecha": "2026-04-25T00:00:00Z", "proceso": "anerobic"}},
{"model": "core.cosecha", "pk": 16, "fields": {"agricultor": 16, "cultivo": 19, "cantidad_kg": 130, "precio_propuesto": "64.00", "municipio": 30, "disponible": true, "fecha": "2026-04-25T00:00:00Z", "proceso": "honey"}},
{"model": "core.cosecha", "pk": 17, "fields": {"agricultor": 17, "cultivo": 17, "cantidad_kg": 170, "precio_propuesto": "52.00", "municipio": 41, "disponible": true, "fecha": "2026-04-25T00:00:00Z", "proceso": "lavado"}},
{"model": "core.cosecha", "pk": 18, "fields": {"agricultor": 18, "cultivo": 16, "cantidad_kg": 90, "precio_propuesto": "50.00", "municipio": 30, "disponible": true, "fecha": "2026-04-25T00:00:00Z", "proceso": "natural"}},
{"model": "core.cosecha", "pk": 19, "fields": {"agricultor": 19, "cultivo": 16, "cantidad_kg": 120, "precio_propuesto": "54.00", "municipio": 29, "disponible": true, "fecha": "2026-04-25T00:00:00Z", "proceso": "honey"}},
{"model": "core.cosecha", "pk": 20, "fields": {"agricultor": 20, "cultivo": 18, "cantidad_kg": 150, "precio_propuesto": "59.00", "municipio": 29, "disponible": true, "fecha": "2026-04-25T00:00:00Z", "proceso": "lavado"}}

]